arm,species,epitope,design,flags,iptm,complex_plddt,binder_ptm,binder_rmsd,chai_iptm,cross_iptm,composite_score,binder_seq
human_ecl2,human,ecl2,human_ecl2_482_s9,top-arm,0.8836,0.6178,0.9469,1.28,0.52116858959198,0.1551,0.7994,DAAAAAAAARAAALRATLEGHRAQGEANVARADALGPELGELARAALEAGLARLEAKLA
mouse_ecl1,mouse,ecl1,mouse_ecl1_95_s8,top-arm,0.8096,0.6626,0.9694,0.54,0.70576411485672,0.1189,0.7977,MYGLVADGFRRAAAEARAAAAAAEAAGDAARAAELRARAAEAEAYAAAFEAQLA
mouse_ecl1,mouse,ecl1,mouse_ecl1_355_s2,PASS+CONSENSUS,0.756,0.7076,0.956,0.57,0.5764673948287964,0.1719,0.7845,SQREALAAEFVAADAEAGALRAAAAADPARAAELAARIAEAGARGGLAANGYATS
mouse_ecl1,mouse,ecl1,mouse_ecl1_355_s0,top-arm,0.7658,0.6804,0.9627,0.6,0.3630586862564087,0.4857,0.7811,SDRAAQAARFAAADAEHGRLLAEAAADPARAAELAAQAAAAGAEAGRAANGYATS
human_ecl2,human,ecl2,human_ecl2_248_s4,top-arm,0.8203,0.5823,0.968,0.84,0.3767525553703308,0.3466,0.7722,SAAAARRAQLLAQAERARAQAAFLEAMAAFFDATDAARGAVAAAGAARARARAAALEAEAAAL
human_ecl2,human,ecl2,human_ecl2_447_s15,top-arm,0.8194,0.6142,0.8642,1.77,0.2585049271583557,0.2615,0.7472,MEEEERRRLEEQRRREEERRQAELEAQRAASAAAAAARAAAAAAAAAAAAAAAAAAAAAAAAA
mouse_ecl1,mouse,ecl1,mouse_ecl1_2_s7,CROSS-RX,0.7049,0.6794,0.9179,0.77,0.3935400247573852,0.7544,0.7433,MDELLARAGELAARGNALAAEAAALADTPEAARLAAEAQRLMQEAAEALMS
human_ecl1,human,ecl1,human_ecl1_472_s8,top-arm,0.7741,0.6713,0.8851,2.07,0.1714455932378769,0.2818,0.7411,EEEERREREKKEEEEKKRKEEEEEERRKQLEEARRGAAAAAAAAAAAAAAAAAA
human_ecl1,human,ecl1,human_ecl1_326_s14,CROSS-RX,0.7915,0.6412,0.8461,1.88,0.1743229031562805,0.5629,0.7379,MEEERRRREEEEERLKKELEELREKTLELMAAGSAARLAAAAAAAAAAAAAAA
human_ecl1,human,ecl1,human_ecl1_340_s12,top-arm,0.8093,0.5961,0.8151,1.47,0.261739045381546,0.2106,0.7359,EEEREREEERRRREEEEEERRRLEEELERLLRELAAEQGARQRAAAAAAAAAAAAAAAAAAA
human_composite,human,composite,human_composite_32_s7,top-arm,0.7806,0.5998,0.8777,1.44,0.2761874794960022,0.2541,0.7341,AAAEAAAAAAAAAGAAARAELEAARAAARAAGLAAAAAAAAAAAAAAAAAAA
human_composite,human,composite,human_composite_285_s3,top-arm,0.8653,0.5741,0.8306,3.28,0.2103963494300842,0.1445,0.7206,SAAEEAAAAAARAAAEAAARQAAAAAEGGRQAAARAAARAAAEAAAAAAEAAAAAALAA
mouse_ecl2,mouse,ecl2,mouse_ecl2_196_s5,CROSS-RX,0.7829,0.5663,0.9183,2.19,0.783358097076416,0.6271,0.7161,AAAAGAAAVAACEAELAAAQERARELLEKLKELLELAEQYNARSAAAYAA
human_composite,human,composite,human_composite_462_s2,top-arm,0.915,0.5461,0.9356,20.54,0.3547700643539428,0.1556,0.7159,SAAAAAAAAAAAAARRAGDALLREGGAAAAAARAAAAAAAAAAAEALAAALA
mouse_ecl2,mouse,ecl2,mouse_ecl2_57_s2,top-arm,0.7281,0.5942,0.8933,1.21,0.1621201932430267,0.4908,0.7157,DEREREEQRRREEEERRREEAARRAEEAALEARRAAEAAAAAAAAAAAAAA
human_ecl2,human,ecl2,human_ecl2_203_s9,CROSS-RX,0.7069,0.5954,0.8763,0.63,0.2100035846233368,0.7568,0.7156,SAAAAAAAAARAAALAAAEAAAAAAAAARAARAAAAAAAAAAAAAAAAAAAA
human_ecl1,human,ecl1,human_ecl1_313_s3,CROSS-RX,0.7581,0.59,0.8755,1.74,0.222118854522705,0.574,0.7147,EREEEEERRRREEEERRRREEERLREELRRQAERAAALLAAAAAAAAAAAAAAAL
human_ecl2,human,ecl2,human_ecl2_292_s5,CROSS-RX,0.725,0.7,0.8487,2.56,0.2244786471128463,0.5644,0.7124,DAEAALAAAAAAAAAARAAASGAAAAAAMEARLRARAEEERRREEELRRLLEEL
human_ecl2,human,ecl2,human_ecl2_59_s6,CROSS-RX,0.7576,0.5492,0.8627,1.54,0.2124877274036407,0.7824,0.7043,SAAAAAAAAAAAAAAAARAAARAAAIAEEEAARAAREAAAAAAAAAAAAAAAAAAAA
human_ecl2,human,ecl2,human_ecl2_141_s2,CROSS-RX,0.6927,0.695,0.8791,2.44,0.2236726135015487,0.5308,0.7033,EEEERREEEERRRREREAELERRRAEEAARRAARAAAAAAAAAAAAAAAA
human_ecl1,human,ecl1,human_ecl1_19_s12,CROSS-RX,0.6534,0.6424,0.8696,0.72,0.2428349256515503,0.6062,0.7028,DEEERRRRLEEEARRRREEEERRRREEGLARLAAYLAAQAAAAAAAAALAA
mouse_ecl2,mouse,ecl2,mouse_ecl2_415_s7,top-arm,0.7809,0.5848,0.8665,3.04,0.1868716925382614,0.0963,0.696,SPLSSLLLSLLLSLLDELLKLLEELLAENAAKLAAFAARRAALEAAARAAAEAARAAAAA
human_ecl1,human,ecl1,human_ecl1_118_s11,CROSS-RX,0.6523,0.6788,0.8337,1.65,0.1791308522224426,0.7047,0.6892,DEERRRRERLEEEERRRREEEERRRAAELAAAQAAGGARRAAAAAAAAAAAAAAA
human_ecl1,human,ecl1,human_ecl1_54_s9,CROSS-RX,0.6576,0.6253,0.8506,1.14,0.2407795935869217,0.5348,0.6883,SLDELLRELLEKLEEEARRLVEEAAAAARERRAAAAAAAAAAAAAAAAAAAAAA
mouse_composite,mouse,composite,mouse_composite_468_s9,top-arm,0.7571,0.5387,0.9339,2.8,0.1704427003860473,0.2108,0.6864,AAAAAAAAAAAAAAAALAQAGALATQANALYAADGSAAAAAEAQALLQRAAEALMS
human_composite,human,composite,human_composite_459_s15,CROSS-RX,0.713,0.6152,0.8331,2.3,0.2118726372718811,0.5809,0.6844,AAAAAAAAAAAARAAGAALRARLGAAGAANAAARAAAAAAAAAAAAAAAAAAAA
mouse_ecl2,mouse,ecl2,mouse_ecl2_248_s12,PASS,0.5365,0.7023,0.942,0.8,0.138915866613388,0.1627,0.6774,AAAVAQEGAATVARYAGLASFHLTGAEFSPELREEHLAAAEAARAAAAAAAAEAAARIAELAA
mouse_composite,mouse,composite,mouse_composite_35_s13,top-arm,0.6162,0.565,0.9593,0.86,0.2029597759246826,0.1711,0.6735,AAEVAALRAAAAGARAAYDAARAAAAAAAAASQAAADRYREIAQAFAATAAALEARAAAL
mouse_composite,mouse,composite,mouse_composite_206_s2,top-arm,0.7313,0.5079,0.8351,1.75,0.241837278008461,0.4598,0.6717,SAAAAAAAAAAAAAAAAAARAAGGAAEAALAAAAAAAAAAAAAAAAALAA
mouse_ecl1,mouse,ecl1,mouse_ecl1_215_s8,CROSS-RX,0.5508,0.6164,0.9431,0.29,0.2192970514297485,0.6027,0.6684,AAAAALAAAAAALRADGAAATAAGASLSPALASTLGNAYAGAVAALEAARA
mouse_ecl2,mouse,ecl2,mouse_ecl2_300_s4,CROSS-RX,0.7358,0.5449,0.8585,2.78,0.295728325843811,0.5147,0.6678,SAAAAAAAAAAAAAGAAAGQADRAAKAAARADFDRALAEAQALQAALLAAIAAEEAAFAAR
mouse_ecl1,mouse,ecl1,mouse_ecl1_118_s1,CROSS-RX,0.5665,0.6071,0.9539,0.92,0.2274750024080276,0.6214,0.6617,SFPPEVTGAISGFAALAAALRAAAAADPARRAELEAGAAAAEALRDGLLAYAESL
mouse_composite,mouse,composite,mouse_composite_156_s14,CROSS-RX,0.7633,0.5562,0.843,3.84,0.2774019837379455,0.7017,0.66,SAAAAAAAAANTASSRAQLAAALEAGRARAAAEAAAAAAAAAAAAAAEAAAAAAEAARQAALAAA
mouse_ecl1,mouse,ecl1,mouse_ecl1_39_s9,CROSS-RX,0.5472,0.5685,0.9555,0.54,0.1922282129526138,0.712,0.6493,SAVAANQAAAAAALAEAAALAAAAAAAAAADAAEGARLAAQAAAALAAAGSHIASA
mouse_ecl1,mouse,ecl1,mouse_ecl1_357_s7,CROSS-RX,0.5863,0.6191,0.8341,1.46,0.2420412600040435,0.5478,0.6455,SEEEERRRLEEERRRAEEEARRAAEEAALAAARGAEARAAAAAAAAAAAAAAAAA
mouse_ecl2,mouse,ecl2,mouse_ecl2_190_s6,PASS,0.5246,0.7005,0.8195,1.32,0.2088240832090377,0.3779,0.6427,SSSSLLQKLLEELLRELQELLERARAATAEAQAALAAAAAAAAAAAAAAAAA
mouse_ecl2,mouse,ecl2,mouse_ecl2_223_s3,CROSS-RX,0.5951,0.5379,0.8289,1.07,0.2324017435312271,0.5317,0.6321,MAEEEARRRAEEEARRRAEELARLLEEQAAAAAARAAAAAARQAAAAAAAAAAAAAAAAA
mouse_composite,mouse,composite,mouse_composite_264_s10,CROSS-RX,0.5265,0.5611,0.9334,0.72,0.2446917742490768,0.5475,0.6309,SAVAERAARLAAEANALAAAAAAALAAHADDEAVREACAAALAEAQALLQRAAELINSS
mouse_ecl2,mouse,ecl2,mouse_ecl2_212_s9,CROSS-RX,0.7534,0.5568,0.7868,9.4,0.1998828202486038,0.5535,0.6241,MLEEELQKKKEEEEKKKKEEELKKLLEALFQKSKEEAAAAAAARAAAAAAAAAAAAAAAAAA
mouse_composite,mouse,composite,mouse_composite_417_s8,CROSS-RX,0.5352,0.5294,0.8545,0.71,0.2431888878345489,0.663,0.6136,AAAALAAGLAAADAAAAGLEAAGASSSPDAGGGLRQIAAALRAAAAAAAAAA
