species,method,loop,resid,ca_rmsf_A,is_hotspot
human,explicit,ecl1,30,0.14,0
human,explicit,ecl1,31,0.375,0
human,explicit,ecl1,32,0.707,0
human,explicit,ecl1,33,1.149,0
human,explicit,ecl1,34,1.606,0
human,explicit,ecl1,35,1.876,0
human,explicit,ecl1,36,1.801,1
human,explicit,ecl1,37,0.998,0
human,explicit,ecl1,38,0.564,0
human,explicit,ecl1,39,0.403,0
human,explicit,ecl1,40,0.425,0
human,explicit,ecl1,41,0.34,0
human,explicit,ecl1,42,0.348,0
human,explicit,ecl1,43,0.429,1
human,explicit,ecl1,44,0.877,0
human,explicit,ecl1,45,1.504,1
human,explicit,ecl1,46,2.054,0
human,explicit,ecl1,47,2.993,1
human,explicit,ecl1,48,3.396,0
human,explicit,ecl1,49,2.405,0
human,explicit,ecl1,50,1.898,1
human,explicit,ecl1,51,0.912,0
human,explicit,ecl1,52,0.691,0
human,explicit,ecl1,53,0.613,0
human,explicit,ecl1,54,0.411,0
human,explicit,ecl1,55,0.364,0
human,explicit,ecl1,56,0.414,1
human,explicit,ecl1,57,0.299,0
human,explicit,ecl1,58,0.24,0
human,explicit,ecl1,59,0.265,0
human,explicit,ecl1,60,0.166,0
human,implicit,ecl1,30,0.15,0
human,implicit,ecl1,31,0.373,0
human,implicit,ecl1,32,0.71,0
human,implicit,ecl1,33,1.27,0
human,implicit,ecl1,34,1.627,0
human,implicit,ecl1,35,1.994,0
human,implicit,ecl1,36,1.623,1
human,implicit,ecl1,37,0.94,0
human,implicit,ecl1,38,0.617,0
human,implicit,ecl1,39,0.413,0
human,implicit,ecl1,40,0.471,0
human,implicit,ecl1,41,0.605,0
human,implicit,ecl1,42,0.404,0
human,implicit,ecl1,43,0.581,1
human,implicit,ecl1,44,0.976,0
human,implicit,ecl1,45,1.51,1
human,implicit,ecl1,46,2.284,0
human,implicit,ecl1,47,4.833,1
human,implicit,ecl1,48,5.193,0
human,implicit,ecl1,49,3.454,0
human,implicit,ecl1,50,2.691,1
human,implicit,ecl1,51,1.987,0
human,implicit,ecl1,52,1.515,0
human,implicit,ecl1,53,0.719,0
human,implicit,ecl1,54,0.433,0
human,implicit,ecl1,55,0.361,0
human,implicit,ecl1,56,0.382,1
human,implicit,ecl1,57,0.335,0
human,implicit,ecl1,58,0.261,0
human,implicit,ecl1,59,0.24,0
human,implicit,ecl1,60,0.152,0
human,dl,ecl1,30,1.21,0
human,dl,ecl1,31,1.41,0
human,dl,ecl1,32,1.635,0
human,dl,ecl1,33,1.882,0
human,dl,ecl1,34,2.252,0
human,dl,ecl1,35,2.389,0
human,dl,ecl1,36,2.128,1
human,dl,ecl1,37,1.721,0
human,dl,ecl1,38,1.507,0
human,dl,ecl1,39,1.283,0
human,dl,ecl1,40,1.186,0
human,dl,ecl1,41,0.984,0
human,dl,ecl1,42,0.897,0
human,dl,ecl1,43,1.108,1
human,dl,ecl1,44,1.312,0
human,dl,ecl1,45,1.5,1
human,dl,ecl1,46,1.881,0
human,dl,ecl1,47,2.122,1
human,dl,ecl1,48,2.472,0
human,dl,ecl1,49,2.031,0
human,dl,ecl1,50,1.886,1
human,dl,ecl1,51,1.472,0
human,dl,ecl1,52,1.356,0
human,dl,ecl1,53,1.231,0
human,dl,ecl1,54,1.048,0
human,dl,ecl1,55,0.99,0
human,dl,ecl1,56,1.014,1
human,dl,ecl1,57,0.864,0
human,dl,ecl1,58,0.701,0
human,dl,ecl1,59,0.735,0
human,dl,ecl1,60,0.711,0
human,explicit,ecl2,113,0.127,0
human,explicit,ecl2,114,0.267,0
human,explicit,ecl2,115,0.512,0
human,explicit,ecl2,116,0.539,0
human,explicit,ecl2,117,0.833,1
human,explicit,ecl2,118,1.064,1
human,explicit,ecl2,119,1.054,0
human,explicit,ecl2,120,1.526,0
human,explicit,ecl2,121,1.618,0
human,explicit,ecl2,122,1.24,1
human,explicit,ecl2,123,1.633,0
human,explicit,ecl2,124,1.349,1
human,explicit,ecl2,125,0.807,0
human,explicit,ecl2,126,0.579,0
human,explicit,ecl2,127,0.359,0
human,explicit,ecl2,128,0.395,1
human,explicit,ecl2,129,0.312,0
human,explicit,ecl2,130,0.264,0
human,explicit,ecl2,131,0.274,1
human,explicit,ecl2,132,0.161,0
human,implicit,ecl2,113,0.135,0
human,implicit,ecl2,114,0.287,0
human,implicit,ecl2,115,0.503,0
human,implicit,ecl2,116,0.589,0
human,implicit,ecl2,117,1.036,1
human,implicit,ecl2,118,1.491,1
human,implicit,ecl2,119,1.814,0
human,implicit,ecl2,120,2.196,0
human,implicit,ecl2,121,2.423,0
human,implicit,ecl2,122,2.0,1
human,implicit,ecl2,123,2.113,0
human,implicit,ecl2,124,1.529,1
human,implicit,ecl2,125,0.875,0
human,implicit,ecl2,126,0.67,0
human,implicit,ecl2,127,0.469,0
human,implicit,ecl2,128,0.477,1
human,implicit,ecl2,129,0.303,0
human,implicit,ecl2,130,0.3,0
human,implicit,ecl2,131,0.236,1
human,implicit,ecl2,132,0.14,0
human,dl,ecl2,113,0.872,0
human,dl,ecl2,114,1.018,0
human,dl,ecl2,115,1.106,0
human,dl,ecl2,116,1.182,0
human,dl,ecl2,117,1.366,1
human,dl,ecl2,118,1.466,1
human,dl,ecl2,119,1.569,0
human,dl,ecl2,120,1.865,0
human,dl,ecl2,121,1.875,0
human,dl,ecl2,122,1.962,1
human,dl,ecl2,123,2.043,0
human,dl,ecl2,124,1.96,1
human,dl,ecl2,125,1.741,0
human,dl,ecl2,126,1.612,0
human,dl,ecl2,127,1.371,0
human,dl,ecl2,128,1.228,1
human,dl,ecl2,129,0.978,0
human,dl,ecl2,130,0.981,0
human,dl,ecl2,131,0.939,1
human,dl,ecl2,132,0.773,0
mouse,explicit,ecl1,30,0.148,0
mouse,explicit,ecl1,31,0.357,0
mouse,explicit,ecl1,32,0.598,0
mouse,explicit,ecl1,33,1.048,0
mouse,explicit,ecl1,34,1.357,0
mouse,explicit,ecl1,35,1.953,1
mouse,explicit,ecl1,36,1.561,1
mouse,explicit,ecl1,37,0.966,0
mouse,explicit,ecl1,38,0.646,0
mouse,explicit,ecl1,39,0.443,0
mouse,explicit,ecl1,40,0.333,0
mouse,explicit,ecl1,41,0.32,0
mouse,explicit,ecl1,42,0.372,0
mouse,explicit,ecl1,43,0.631,0
mouse,explicit,ecl1,44,0.892,0
mouse,explicit,ecl1,45,1.81,1
mouse,explicit,ecl1,46,2.036,0
mouse,explicit,ecl1,47,2.389,1
mouse,explicit,ecl1,48,2.378,1
mouse,explicit,ecl1,49,1.615,0
mouse,explicit,ecl1,50,1.566,1
mouse,explicit,ecl1,51,1.264,0
mouse,explicit,ecl1,52,1.274,0
mouse,explicit,ecl1,53,0.513,0
mouse,explicit,ecl1,54,0.379,0
mouse,explicit,ecl1,55,0.316,0
mouse,explicit,ecl1,56,0.317,0
mouse,explicit,ecl1,57,0.235,0
mouse,explicit,ecl1,58,0.225,0
mouse,explicit,ecl1,59,0.196,0
mouse,explicit,ecl1,60,0.13,0
mouse,implicit,ecl1,30,0.15,0
mouse,implicit,ecl1,31,0.386,0
mouse,implicit,ecl1,32,0.718,0
mouse,implicit,ecl1,33,1.066,0
mouse,implicit,ecl1,34,1.449,0
mouse,implicit,ecl1,35,2.093,1
mouse,implicit,ecl1,36,1.664,1
mouse,implicit,ecl1,37,0.962,0
mouse,implicit,ecl1,38,0.702,0
mouse,implicit,ecl1,39,0.49,0
mouse,implicit,ecl1,40,0.462,0
mouse,implicit,ecl1,41,0.602,0
mouse,implicit,ecl1,42,0.508,0
mouse,implicit,ecl1,43,0.662,0
mouse,implicit,ecl1,44,1.397,0
mouse,implicit,ecl1,45,2.317,1
mouse,implicit,ecl1,46,3.325,0
mouse,implicit,ecl1,47,4.29,1
mouse,implicit,ecl1,48,5.574,1
mouse,implicit,ecl1,49,5.216,0
mouse,implicit,ecl1,50,4.116,1
mouse,implicit,ecl1,51,2.102,0
mouse,implicit,ecl1,52,1.017,0
mouse,implicit,ecl1,53,0.83,0
mouse,implicit,ecl1,54,0.513,0
mouse,implicit,ecl1,55,0.404,0
mouse,implicit,ecl1,56,0.397,0
mouse,implicit,ecl1,57,0.338,0
mouse,implicit,ecl1,58,0.298,0
mouse,implicit,ecl1,59,0.291,0
mouse,implicit,ecl1,60,0.144,0
mouse,dl,ecl1,30,0.642,0
mouse,dl,ecl1,31,0.799,0
mouse,dl,ecl1,32,1.032,0
mouse,dl,ecl1,33,1.376,0
mouse,dl,ecl1,34,1.577,0
mouse,dl,ecl1,35,1.817,1
mouse,dl,ecl1,36,1.613,1
mouse,dl,ecl1,37,1.227,0
mouse,dl,ecl1,38,0.917,0
mouse,dl,ecl1,39,0.684,0
mouse,dl,ecl1,40,0.612,0
mouse,dl,ecl1,41,0.441,0
mouse,dl,ecl1,42,0.366,0
mouse,dl,ecl1,43,0.584,0
mouse,dl,ecl1,44,0.786,0
mouse,dl,ecl1,45,1.132,1
mouse,dl,ecl1,46,1.279,0
mouse,dl,ecl1,47,1.745,1
mouse,dl,ecl1,48,1.953,1
mouse,dl,ecl1,49,1.659,0
mouse,dl,ecl1,50,1.349,1
mouse,dl,ecl1,51,0.909,0
mouse,dl,ecl1,52,0.849,0
mouse,dl,ecl1,53,0.791,0
mouse,dl,ecl1,54,0.566,0
mouse,dl,ecl1,55,0.417,0
mouse,dl,ecl1,56,0.495,0
mouse,dl,ecl1,57,0.438,0
mouse,dl,ecl1,58,0.296,0
mouse,dl,ecl1,59,0.332,0
mouse,dl,ecl1,60,0.335,0
mouse,explicit,ecl2,113,0.143,0
mouse,explicit,ecl2,114,0.288,0
mouse,explicit,ecl2,115,0.406,0
mouse,explicit,ecl2,116,0.46,0
mouse,explicit,ecl2,117,0.673,1
mouse,explicit,ecl2,118,0.789,0
mouse,explicit,ecl2,119,1.0,0
mouse,explicit,ecl2,120,1.574,0
mouse,explicit,ecl2,121,1.566,0
mouse,explicit,ecl2,122,1.364,1
mouse,explicit,ecl2,123,1.792,1
mouse,explicit,ecl2,124,1.353,1
mouse,explicit,ecl2,125,0.703,0
mouse,explicit,ecl2,126,0.833,0
mouse,explicit,ecl2,127,0.462,0
mouse,explicit,ecl2,128,0.457,1
mouse,explicit,ecl2,129,0.293,0
mouse,explicit,ecl2,130,0.318,0
mouse,explicit,ecl2,131,0.27,1
mouse,explicit,ecl2,132,0.123,0
mouse,implicit,ecl2,113,0.138,0
mouse,implicit,ecl2,114,0.265,0
mouse,implicit,ecl2,115,0.471,0
mouse,implicit,ecl2,116,0.571,0
mouse,implicit,ecl2,117,0.762,1
mouse,implicit,ecl2,118,1.098,0
mouse,implicit,ecl2,119,1.297,0
mouse,implicit,ecl2,120,1.838,0
mouse,implicit,ecl2,121,2.096,0
mouse,implicit,ecl2,122,2.083,1
mouse,implicit,ecl2,123,2.088,1
mouse,implicit,ecl2,124,1.429,1
mouse,implicit,ecl2,125,0.919,0
mouse,implicit,ecl2,126,0.745,0
mouse,implicit,ecl2,127,0.55,0
mouse,implicit,ecl2,128,0.431,1
mouse,implicit,ecl2,129,0.352,0
mouse,implicit,ecl2,130,0.328,0
mouse,implicit,ecl2,131,0.237,1
mouse,implicit,ecl2,132,0.138,0
mouse,dl,ecl2,113,0.445,0
mouse,dl,ecl2,114,0.565,0
mouse,dl,ecl2,115,0.566,0
mouse,dl,ecl2,116,0.571,0
mouse,dl,ecl2,117,0.74,1
mouse,dl,ecl2,118,0.789,0
mouse,dl,ecl2,119,0.827,0
mouse,dl,ecl2,120,1.026,0
mouse,dl,ecl2,121,1.21,0
mouse,dl,ecl2,122,1.125,1
mouse,dl,ecl2,123,1.237,1
mouse,dl,ecl2,124,1.482,1
mouse,dl,ecl2,125,1.141,0
mouse,dl,ecl2,126,0.982,0
mouse,dl,ecl2,127,0.738,0
mouse,dl,ecl2,128,0.64,1
mouse,dl,ecl2,129,0.501,0
mouse,dl,ecl2,130,0.505,0
mouse,dl,ecl2,131,0.458,1
mouse,dl,ecl2,132,0.346,0
